Gene1,Gene2
SMAD3,JUN
PLAG1,PLAG1
YY1,NR3C1
IRF1,IRF1
GATA4,GATA4
TP53,JUN
JUN,TP53
TP53,TP53
DBP,JTB
GATA4,NPPA
MYC,ENO1
ENO1,MYC
USF1,USF1
MAZ,MAZ
TP53,S100A2
TP53,CHKA
USF1,FASN
TP53,ALOX15
GATA4,AR
AR,AR
SP1,SP1
TP53,NDN
JUND,JUND
MAX,TP53
MYC,TP53
TP53,MYC
TP53,RELA
RELA,TP53
TP53,PGAM2
JUN,JUN
CEBPB,SP1
MYC,ACTB
MAZ,MYC
WT1,WT1
FOSL1,CLU
JUNB,CLU
JUN,SFTPB
SP1,FN1
JUN,FN1
MYC,FN1
TP53,ACHE
SP1,E2F1
MGA,MGA
MYC,MYC
ARNT,CTSD
CREB1,JUN
SP1,HMGA2
PBX1,WNT16
MYC,ACHE
TP53,YY1
YY1,TP53
MYC,MAX
MAX,MYC
TP53,ETS1
ETS1,TP53
NR3C1,CRH
CEBPB,CEBPB
MYC,AR
AR,MYC
NR3C1,CPS1
SREBF1,FASN
TP53,TP63
TP63,TP53
MYC,NCL
ETS1,PTHLH
CTCF,MYC
BCL6,BCL6
RARB,RARB
RARB,ACTB
RELA,UCN
MYBL2,LOX
RELA,FN1
FOXA2,FOXA2
ETS1,CTSB
SP1,CTSB
PRDM1,MYC
PRDM1,YY1
YY1,MYC
RELA,RELA
SP1,RELA
RELA,SP1
SP1,LTA
SP1,ST6GALNAC4
CTCF,SIN3A
ATF3,ATF3
E2F1,E2F1
IRF1,ACHE
MYBL2,CLU
SP1,AR
AR,SP1
CEBPB,COL1A1
JUN,ACTB
SP1,KRT4
FOXM1,SFTPB
HOXA5,TP53
TP53,UBC
CEBPB,HSD11B1
SREBF1,SREBF1
HR,SLA
NR3C1,RELA
RELA,NR3C1
CREB1,CCK
NCOR2,SIN3A
CDX2,TAP1
JUN,ALOX12
SP1,ALOX12
FOXA2,EOMES
TBR1,EOMES
NR3C1,MYC
JUN,ATF3
ATF3,JUN
JUN,GCLC
TP53,HIF1A
HIF1A,TP53
JUN,NQO1
JUNB,NQO1
JUND,NQO1
NFE2L2,NQO1
NR3C1,NR3C1
TP53,UBR5
FOXA1,SFTPB
AR,ARHGDIA
SP1,ARHGDIA
USF1,USF2
USF2,USF1
HEY2,HEY2
TP53,SLC19A1
RELA,MYC
TP53,SP1
SP1,TP53
NFE2L2,GCLC
USF1,S100A6
GBX2,GBX2
TP53,PTHLH
NKX2-1,SFTPB
SP1,CTSD
NR3C1,AR
AR,NR3C1
HR,TP53
TP53,HR
TP53,AQP3
AR,ACHE
ARNT,ARNT
REST,NPPA
REST,CRH
IRF1,FGFR1
SP1,DHCR7
AR,SMAD3
SMAD3,AR
WT1,AR
CREB1,ACHE
SP1,MUC1
USF2,USF2
MYC,CHKA
NR3C1,JUN
JUN,NR3C1
SP1,KEL
SP1,COL1A1
SP1,COL5A2
HIF1A,HIF1A
SP1,FASN
CREB1,SFTPB
TP53,NKX3-1
NKX3-1,TP53
NR2F6,NPPA
BCL3,RELA
RELA,BCL3
PEG3,PEG3
SP1,MYC
SMAD3,PTHLH
SP1,SIN3A
TP53,AR
AR,TP53
JUN,AR
AR,JUN
YY1,COL1A1
SP1,IGFBP3
TP53,CHUK
NR5A2,NR5A2
GATA3,IL13
TP63,JAG2
NKX2-1,NKX2-1
SMAD3,MYC
TP53,MKI67
SP1,AGA
EPAS1,EPAS1
SP1,FGFR1
ARNT,SMARCA4
E2F1,MCL1
TP53,MCL1
TP53,CTSD
CREB1,CREB1
SP1,CREB1
SP1,UBC
FOXD3,FOXA1
FOXD3,FOXA2
FOSL1,FN1
FOXA2,WNT7B
NKX3-1,ACHE
NFE2L2,NFE2L2
SP1,SCARF1
CEBPB,SREBF1
SREBF1,CEBPB
ETS1,CYP24A1
CREB1,CRH
JUN,SLC10A1
MAFK,NQO1
TP53,NQO1
TP53,ATF3
ATF3,TP53
SMAD3,SFTPB
PRDM1,BCL6
BCL6,PRDM1
PRDM1,PRDM1
CEBPB,FGFR1
RELA,NOD2
SMAD3,FN1
RELA,MUC1
JUN,CEBPB
NFE2L2,SLC7A11
SP1,FLNA
SP1,GP6
RELA,CDX2
ELF1,SOD3
ESRRA,NR1D1
USF1,TFF1
YY1,MUC1
NR3C1,HSD11B1
HIF1A,NPPA
HIF1A,NAA10
HIF1A,EPAS1
EPAS1,HIF1A
CEBPB,GSTA2
USF1,TP53
SP1,ABCA2
BCL6,GATA3
GATA3,GATA3
TP53,E2F1
E2F1,TP53
SP1,WT1
WT1,SP1
SP1,MAZ
MAZ,SP1
RFX5,RFX5
SP1,ETS1
ETS1,SP1
NFE2L2,GSR
JUN,NPPA
IRF1,SP1
TP53,SREBF1
HIF1A,WT1
NFE2L2,PRDX1
NR3C1,CDKN1C
SP1,S100A10
SP1,PTGES
TBX6,TBX6
MYC,JUN
JUN,MYC
RELA,S100A6
JUNB,UBC
CREB1,HLA-DOB
JUN,KRT16
SP1,KRT16
BHLHE40,BHLHE40
JUN,PRDX1
CEBPB,ACHE
CEBPB,NEFL
JUN,FOSL1
JUND,FOSL1
JUNB,JUN
SP1,USF2
NR5A2,NCOR2
JUND,MYC
SP1,ARNT
ARNT,SP1
ZBTB17,CDKN1C
CREB1,CEBPB
MYBL2,COL1A1
TP53,TNFSF10
ZBTB16,MYC
CREB1,NRN1
USF1,CTSB
USF2,CTSB
FOXA2,SLC10A1
HOXA7,FN1
PLAG1,CRLF1
USF1,BHLHE40
IRF1,TAP1
NCOR2,NCOR2
NFE2L2,MAFK
MYC,TFPI2
MYC,MYBL2
MYBL2,MYC
SP1,ACSS1
SP1,NR3C1
NR3C1,TP53
TP53,NR3C1
MYT1,ACHE
ESRRA,ESRRA
PRDM1,EHMT2
TP53,ALDH3A1
NR3C1,PDK4
RELA,CHUK
TP53,LUM
NKX6-1,NKX6-1
SOX17,ACHE
SP1,SCT
HOXB13,MYC
TP53,EZH2
EZH2,TP53
EZH2,EZH2
SOX17,LAMA1
SOX7,LAMA1
SP1,LAMA1
IRF1,IL7
TP53,FN1
IRF1,TNFSF10
SP1,NKX2-1
NKX2-1,SP1
MYC,WT1
WT1,MYC
AR,ZBTB16
TP53,MFGE8
SP1,GCLC
GATA4,MYOCD
SP1,SOD3
ELF1,PLEC
SP1,SREBF1
ETS1,CHUK
TAF1,NDN
CEBPB,SOD3
SP1,GATA3
GATA3,SP1
TP53,IRF1
IRF1,TP53
MZF1,ST6GALNAC4
MYC,NME2
NME2,MYC
SP1,TFF1
SOX7,GATA4
USF1,CHUK
USF2,CHUK
YY1,ACP5
SP1,ACHE
CEBPB,SLC19A1
NFE2L2,AKR1B1
NFE2L2,AR
TP53,IGFBP3
ESRRA,SP1
TP53,RECQL4
ELF1,UCN
AR,HEY1
HEY1,AR
SP1,TIMP2
NKX3-1,CASP9
TP63,IGFBP3
CEBPB,LRPAP1
SP7,WNT10B
ZNF436,SMARCA4
TP53,TRIAP1
MZF1,PKD1
SP1,PKD1
CEBPB,TFF1
MYC,HIF1A
HIF1A,MYC
SP1,HIF1A
HIF1A,SP1
ENO1,JUN
HIF1A,JUN
MYC,CHUK
SP1,SLC6A3
AR,FKBP5
SP1,COL10A1
USF1,GCLC
REST,NTRK3
NCOR2,NFE2L2
NKX3-1,NKX3-1
SP1,PTHLH
MZF1,MUC1
CREB1,FN1
SP1,LTB
SP1,MYBL2
MYBL2,SP1
TP53,NR1D1
E2F1,WNT4
MYC,WNT4
TP53,CREB1
CREB1,TP53
FOSL1,GCLC
AR,DHCR24
ESRRA,TFF1
AR,KRT8
SMAD3,E2F2
AR,KDM1A
FOXA1,TFF1
CREB1,AR
NR3C1,SLC10A1
ETS1,ETS1
HEY2,MYOCD
SP6,SP6
MYC,PLXNB2
HEY2,NPPA
HEY1,GATA4
USF1,SLC19A1
AR,SIN3A
NR3C1,ABCG4
TP63,CDKN1C
ELK1,MYOCD
SP1,LIPE
SP1,FOSL1
ETS1,GATA2
MYBL2,E2F1
E2F1,MYBL2
TP53,PRODH
NR3C1,FN1
ESRRA,PDK4
TP63,TP63
TP63,WNT4
TP53,WNT4
SPDEF,SPDEF
NCOR2,AR
SP1,EPAS1
TP53,GPX2
AR,CRH
TP63,S100A2
MYC,GCLC
RELA,HAMP
ELF1,ELF1
TP53,FGFR1
SP7,SP7
TP63,FASN
CEBPB,MYC
TP53,TUBB2A
SP1,HAS2
HIF1A,TGFB3
NCOR2,RARB
SP1,TNNT2
PRDM1,SDC1
XBP1,SDC1
FOXA2,PPP1R3C
USF2,HAMP
ZBTB16,PBX1
AR,SMC3
HEY1,HEY1
JUND,NPPA
SP1,PGLYRP2
TP53,PYCARD
ETS1,RHOC
SP1,PDK4
TCF12,TCF12
NFE2L2,GPX2
NKX3-1,MCL1
HIF1A,NAMPT
CREB1,TGFB3
JUN,TGFB3
SMAD3,TGFB3
E2F1,YY1
NFE2L2,SMARCA4
TP53,PKD1
ARNT,HIF1A
HIF1A,ARNT
CEBPB,ATF3
TP53,LOX
USF2,GATA4
HIF1A,CITED2
MAFK,PRDM1
USF1,APLN
GATA3,MUC1
CREB1,FOSL1
ELK1,FOSL1
XBP1,XBP1
CTCF,CTCF
USF1,AKR1B1
CREB1,IL13
AR,PSAP
E2F1,CDKN1C
E2F1,AR
JUN,SP1
SP1,JUN
SP1,MCL1
IRF1,CXCL11
RELA,CXCL11
AR,NKX3-1
NKX3-1,AR
PRDM1,TP53
SP1,FZD5
IRF1,GBP2
BCL6,PCGF1
CDX2,IGFBP3
TP53,MUC1
SP1,KCNH2
NKX3-1,KCNH2
JUN,TFF1
CREB1,PTHLH
FOXM1,FOXA2
MYC,FOXM1
FOXM1,MYC
RUNX3,SP7
ARNT,MYOCD
JUNB,JUND
JUND,JUNB
CEBPB,PTHLH
AR,UBC
FOSB,FOSB
RELA,YY1
USF1,LGALS3BP
USF2,LGALS3BP
CDX2,CDX2
FOXA2,AQP3
AR,MED1
MED1,AR
AR,SPDEF
NKX3-1,SPDEF
XBP1,JUN
NR1D1,NR1D1
RELA,NPPA
SP1,MSRB1
SP1,MGAT1
BCL3,PTHLH
AR,AKR1B1
GATA4,TBX6
TP53,HAMP
CREB1,SPRY2
SP1,SPRY2
HEY1,HES5
TP63,GATA3
TP63,MFGE8
ARNT,FGFR1
CREB1,HIF1A
JUN,CHKA
EPAS1,CITED2
USF1,IGFBP3
HIF1A,APLN
AR,GADD45GIP1
RELA,HIF1A
GATA3,FGFR1
VSX1,VSX1
YY1,LSS
TCF12,KDM1A
USF1,CTCF
HR,FLT4
ATF3,FN1
CREB1,USF2
BCL3,BCL3
XBP1,SYVN1
MYBL2,AR
SMAD3,NOTCH3
SP1,CLDN3
ZBTB16,ZBTB16
NCOR2,CRH
ETS1,ARHGDIB
PRDM1,PSMB8
YY1,PEG3
RARB,FGFR1
CEBPB,SMARCA2
GATA2,SMARCA2
YY1,REST
MYC,LAMTOR5
SP1,MST1R
HIF1A,CHKA
CREB1,NR5A2
TP63,AQP3
MYC,WDR5
SP1,CDKN1C
EPAS1,CTCF
ETS1,WT1
WT1,ETS1
CEBPB,C3
AR,UGT2B17
RELA,MYOCD
HIF1A,TNNI3
MAX,MAX
LHX6,LHX6
NKX2-1,LHX6
CEBPB,MAT1A
NR3C1,NPPA
SP1,ELF1
SP1,GABPA
GATA4,CEBPB
CEBPB,MFGE8
HIF1A,STC2
EZH2,RUNX3
NR3C1,S100A10
TP53,BCL6
BCL6,TP53
AR,TRIM68
ZBTB17,SIN3A
TP53,DAD1
CREB1,AQP3
HMGA2,HMGA2
SOX17,ZNF202
BHLHE40,TP53
TP53,BHLHE40
E2F6,E2F1
E2F1,E2F6
TP53,KDM1A
RELA,MST1R
AR,PKD1
SP1,PRDM1
CREB1,USF1
USF1,CREB1
NFE2L2,KRT16
TP63,CHUK
FOSB,TNFSF10
JUND,TNFSF10
IRF1,SLC26A6
E2F1,PDK4
RELA,IRF1
SP1,WIF1
SP1,TNFSF10
RELA,AQP2
EZH2,FGFR1
SP1,S100A6
TP53,S100A6
FOXJ1,FOXJ1
SP1,DMPK
E2F1,SRSF2
SP7,PTHLH
EPAS1,F12
ARX,DLX1
PRDM1,FASTK
SP1,LOXL4
CREB1,WNT10B
PBX1,NOTCH3
NCOR2,CYP24A1
TP53,GBP2
YY1,TNNI3
YY1,HOXB13
CREB1,SLC39A1
SP1,SLC39A1
GATA4,FGFR1
CEBPB,TP53
FOXA2,SFTPB
SP1,SFTPB
HIF1A,FOXM1
GABPA,SYVN1
HIF1A,MUC1
SP1,EZR
JUN,EZR
RELA,BRMS1
MYC,EZH2
EZH2,MYC
RELA,KDM1A
RUNX3,SLC22A17
CEBPB,CDKN1C
TEAD4,HIF1A
TP53,MAPK12
SP1,NKX3-1
TEAD4,FGFR1
NR3C1,RLN2
E2F1,FGFR1
HIF1A,MST1R
GABPA,PYCARD
EZH2,CDKN1C
CTCF,RAD21
HIF1A,SDC1
TP53,AGA
SP7,SP1
JUN,S100A10
TP53,SMARCA4
BCL3,PDK4
JUN,ETS1
ETS1,JUN
SMAD3,ACHE
SOX17,CDKN1C
CEBPB,XBP1
CEBPB,TNFRSF1A
TP63,ALOX12
AR,CDK2AP1
E2F1,KCNJ11
MYC,E2F1
E2F1,MYC
HIF1A,S100A4
CEBPB,HAMP
YY1,YY1
NCOR2,RORC
MYC,TIMP2
SP1,SREBF2
HR,CYP24A1
NFE2L2,ATF3
ZBTB17,TP53
ETS1,RUNX3
HIF1A,HEY1
NR3C1,CREB1
CREB1,NR3C1
MYC,PTK6
FOXA1,AGR2
RELA,TP63
CREB1,DOT1L
SP1,APBB1
CTCF,TP53
RELA,CREB1
NR3C1,MCL1
WT1,WNT4
NFE2L2,SLC40A1
AR,TAF1
TAF1,AR
MYC,NKX3-1
SP1,SOX17
GATA2,GATA2
FOSB,CCK
BHLHE40,CDH15
SP1,FOXM1
KDM5A,FGFR1
NFE2L2,GADD45GIP1
AR,SMARCA4
REST,SYN1
PRDM1,MKI67
KLF9,FGFR1
E2F2,ARNT
JUN,TP63
MYT1,OPALIN
FOXA1,UGT2B17
FOXA2,GATA4
MYC,WIF1
ZBTB17,WIF1
RELA,RAPSN
HR,RAPSN
CTCF,BCL6
SP1,SMAD3
NR1D1,NPAS2
EZH2,TNFSF10
WT1,S100A10
WT1,SMAD3
ETS1,NKX3-1
GATA3,NKX3-1
SP1,NPPA
EPAS1,PTHLH
TP53,THBD
SP1,MKI67
GATA4,EP300
TP53,GATA4
GATA4,TP53
FOSL1,JUNB
JUNB,JUNB
CEBPB,FOXA1
SP1,FEZF1
FEZF1,FEZF1
CREB1,C3
SP1,REST
GATA4,PPP1R9B
SP1,PPP1R9B
HIF1A,IGFBP3
HIF1A,TFF1
TP53,RRAD
AR,INPP4B
TBR1,TBR1
SALL2,SALL2
MYC,JUNB
HIF1A,LOX
YY1,LTB
ELK1,MCL1
HOXB13,AR
AR,NR5A2
SP1,SUMO3
CEBPB,ZFP36
TP53,CASP9
AR,TP63
TP63,AR
CTCF,CDKN1C
ATF3,WNT7B
AR,MUC1
BHLHE40,TP63
HIF1A,NCOR2
SMAD3,MYOCD
NR1D1,NUPR1
NR2E3,NUPR1
ETS1,MCL1
XBP1,MCL1
HR,NRN1
AR,MCL1
EZH2,RAP1GAP
EZH2,CBX2
RARB,HIF1A
HIF1A,RARB
TP53,LTA
HR,NQO1
RELA,TNFRSF1A
CEBPB,PDK4
PBX1,SP7
SP7,FGFR1
GATA2,CDX2
GATA4,HAMP
TP53,PAF1
SMAD3,FOXA2
SP1,TRPV1
ATOH8,FGFR1
IRF1,SMARCA4
SP1,TINF2
JUN,RHOC
AR,CDK20
CEBPB,WNT10B
E2F1,CDKN2D
CREB1,AQP2
YY1,HAS2
AR,OSR1
NFE2L2,MST1R
SP1,FOSB
CREB1,NDN
GATA3,LOX
ATF3,ITGA7
BCL3,CTCF
ZBTB16,FGFR1
GATA4,PKD1
IRF1,DOT1L
DOT1L,IRF1
NR2E3,TP53
TP53,SIN3A
ETS1,GATA4
HOXA7,HOXA7
ETS1,JUNB
TCF12,FN1
KAT8,FGFR1
RELA,LTA
TP53,GATA2
GATA2,TP53
EZH2,AR
RELA,NAMPT
ARX,ARX
SHOX2,ARX
ARX,SHOX2
TP53,FOSL1
ARID1A,SMARCA2
JUN,ACHE
TP63,NQO1
SREBF2,USF1
TCF12,FGFR1
HIF1A,ATP13A2
JUN,CHD4
CTCF,LTA
CTCF,LTB
ARX,TGFB3
ETS1,FN1
TP63,ZNF750
EPAS1,EP300
EPAS1,KCNJ11
ELK1,ZFP36
JUN,PRDM1
RELA,MCL1
CREB1,ORMDL3
ETS1,ORMDL3
ZBTB16,GATA4
TP53,NFE2L2
ARX,SCT
CREB1,FOXA1
CREB1,ATF3
CREB1,FOSB
FOSB,CREB1
CTCF,JUN
ETS1,LTB
RELA,LTB
JUNB,S100A2
ESRRA,SCT
FOXM1,AURKB
CEBPB,CD200R1
E2F1,FOXM1
EZH2,HOXB13
SREBF2,DHCR24
MYC,CITED2
IRF1,MKI67
USF1,RORC
USF2,RORC
MYC,BRD4
ATF3,MAP1LC3B
ATF3,PCYT2
CEBPB,MAP1LC3B
CEBPB,PCYT2
MYC,NFE2L2
NFE2L2,MYC
SOX17,SOX17
SOX21,HES5
RELA,BHLHE40
EZH2,GATA3
CEBPB,TRPV1
XBP1,STARD5
GATA2,CEBPB
MYC,RAD21
JUN,IL7
SP7,COL1A1
BCL6,HES5
HIF1A,MCL1
MAZ,GATA4
MYC,GATA4
SP1,SYN1
SMAD3,ANGPTL2
SP1,LAMTOR5
AR,AGR3
SP1,JUND
TBX6,HES7
NR3C1,TINF2
ZBTB16,SLAMF6
NKX6-1,ARX
TP63,SMARCA4
FOSL1,CHUK
JUNB,CHUK
SHOX2,SHOX2
CEBPB,SIN3A
GATA3,CHD4
JUN,WNT16
NKX3-1,CHD1
ESRRA,LDHB
KAT8,SMARCA2
ETS1,FLT4
DBP,ARNT
RELA,SDC4
CEBPB,SFTPB
XBP1,WNT10B
FOXM1,ACP5
SREBF1,DGKQ
EZH2,CHD4
NKX2-1,HMGA2
RELA,MED1
SREBF2,HMGCS1
HEY2,MYL2
YY1,UBC
NPAS2,NPAS2
AR,IGFBP3
TP63,PRODH
VSX1,MCL1
E2F6,SMC1A
EZH2,SMC1A
CEBPB,PTGES
EPAS1,PTK6
HIF1A,PTK6
HMGA2,LOX
NKX3-1,WIF1
IRF1,TRIM21
SP1,APLN
TP53,NKX2-1
JUN,GNRH1
TP53,SALL2
SALL2,TP53
WT1,SALL2
NR5A2,TFF1
ZNF296,LEFTY1
CTCF,SMC3
TP53,BCL3
KLF9,CEBPB
TP63,IL7
ATOH8,HAMP
RELA,HSD11B1
MYC,SMARCA4
CEBPB,MCAT
SOX17,FN1
GATA2,AR
CEBPB,CHKA
MYC,RUNX3
RUNX3,MYC
AR,RELA
RELA,AR
NFE2L2,HIF1A
HIF1A,NFE2L2
TP53,EHMT2
WT1,CTCF
CTCF,WT1
ARNT,SDC4
HIF1A,SDC4
JUN,MAPK12
CREB1,DYRK1B
GATA2,AQP2
NFE2L2,ACHE
GABPA,AR
GATA3,FOXA1
ZBTB16,SP1
ZBTB16,TP53
MYT1,KDM1A
AR,GNRH1
ARNT,GNRH1
EZH2,NFE2L2
NFE2L2,FGFR1
JUN,CDX2
ZBTB33,MUC1
HEY1,CDKN1C
ZBTB17,ZBTB17
JUN,JUND
HOXA7,ACTB
MYC,FGFR1
HR,ACHE
MYC,IL7
SP1,ACTB
RARB,CRABP2
FOSL1,NPPA
SP1,NEFL
MAX,SIN3A
MYC,LTA
USF1,MYL2
JUN,MCAT
TP53,CKB
IRF1,JUN
WT1,JUN
JUN,CRH
RARB,ACHE
TAF1,RARB
HMGA2,JUN
JUN,PTHLH
AR,PTHLH
SP1,CCK
USF1,CCK
JUNB,NPPA
SP1,ADRA2A
TP53,KRT8
TP53,NPPA
MZF1,MZF1
WT1,SDC1
ZIK1,ZIK1
FOSL1,NQO1
JUN,NELFE
TCF12,VGF
TP63,ACTB
TP53,ZNHIT2
USF1,PSAP
JUNB,VGF
YY1,APBB1
NR3C1,PTHLH
ELF1,MYC
NKX2-1,PSAP
HR,FN1
JUN,LTA
NCOR2,ACHE
RELA,WT1
SP1,LCAT
CEBPB,SLC35A2
TP63,IL13
ZBTB16,MAX
ZBTB16,GSR
FOXM1,AMBP
SP1,PSAP
YY1,CTCF
FOXM1,CPS1
ETS1,ANPEP
TP53,HLA-B
MYC,HLA-B
ETS1,FOXD1
USF1,MYC
NKX6-1,E2F1
E2F1,NKX6-1
E2F6,DDX11
E2F6,TFF1
EZH2,HOXA7
FOSL2,CLU
GATA2,MYC
GATA2,WT1
GATA3,CLIC3
JUND,CLU
MYC,ACP5
MYC,ACTG1
MYC,ATP6V1G2
MYC,BCL3
MYC,CASP9
MYC,DDX11
MYC,ELK1
MYC,FASN
MYC,IL13
MYC,LAIR1
MYC,LAMB2
MYC,LTB
MYC,MUC1
MYC,POLD2
MYC,PSAP
MYC,RARB
MYC,RPL22
MYC,RPS16
MYC,SLA
MYC,SLC19A1
MYC,TCF12
MYC,TGFB3
MYC,TPM2
MYC,WNT10B
MYC,ZFP36
MYC,FOSL1
MYC,CTSF
MYC,NR1D1
RARB,HOXA5
RELA,NQO1
RELA,FOSB
RELA,IRF7
RELA,STC2
SP1,C1QBP
SP1,COL7A1
SP1,F10
SP1,PTK6
SP1,SLC19A1
SP1,THBD
TP53,FASN
TP53,JAG2
TP53,POLD2
TP53,MGA
TP53,SYVN1
USF2,AR
TP63,NR3C1
TP63,POLD2
AR,EP300
AR,FN1
AR,FOXA1
FOXA1,AR
AR,REST
REST,AR
AR,UCN
AR,WNT7B
ARID1A,SMAD3
ARNT,BHLHE40
ARNT,JUN
MYC,BCL6
BCL6,MYC
BCL6,XBP1
CDX2,SP1
CDX2,UGT2B17
CEBPB,CSRP1
CEBPB,IL13
CEBPB,PRDM1
CEBPB,SLC10A1
CREB1,GABPA
CREB1,GSK3A
CREB1,NR2F6
CREB1,POLD2
CREB1,PTGES
CREB1,SLC19A1
CTCF,DMPK
CTCF,ETNK2
CTCF,SIX5
E2F1,AURKB
E2F1,RASGRP1
E2F1,RNF2
E2F1,TOP2A
E2F6,IL13
ELK1,CITED2
ELK1,EZH2
EP300,ALOX15
EP300,EZH2
EP300,IGFBP3
EP300,KRT16
MYC,EP300
EP300,MYC
EP300,RELA
EP300,S100A4
EP300,THBD
EP300,WT1
YY1,EP300
EP300,YY1
EPAS1,COL10A1
USF2,EPAS1
EPAS1,USF2
ESRRA,NR2F6
ETS1,COL1A1
ETS1,GP6
ETS1,SPRY2
FOSL1,EZH2
FOSL2,BCL6
FOSL2,FOSL1
FOXA1,MYC
FOXA1,NKX2-1
FOXA2,AGR2
FOXA2,NKX2-1
FOXA2,NR5A2
FOXA2,TFF1
FOXD3,RARB
FOXJ1,ASPM
FOXM1,AR
GATA3,CDX2
GATA3,RELA
RELA,GATA3
HEY2,GATA4
HEYL,AR
HIF1A,AR
HIF1A,ENO1
HIF1A,NR3C1
HIF1A,PPP1R3C
HIF1A,PTGES
HIF1A,TIMP2
IRF1,E2F1
JUN,CCK
JUN,EZH2
JUN,HEY1
JUN,NAMPT
JUN,NEFL
JUN,POLD2
JUN,RARB
JUN,SLC19A1
JUN,SOX7
JUN,TIMP2
JUND,BCL6
JUND,GCLC
MEF2B,BCL6
MYBL2,MYBL2
MYBL2,NCL
MYC,ATF3
MYC,HDAC2
MYC,PRODH
MYC,ST3GAL1
NR3C1,ELK1
NR3C1,ETS1
NUPR1,EP300
NUPR1,TP53
RARB,THBD
RELA,CASP9
RELA,CCK
RELA,COL1A1
RELA,COL7A1
RELA,CTSB
E2F1,RELA
RELA,E2F1
RELA,EPAS1
RELA,FLT4
RELA,GCLC
RELA,GSK3A
RELA,JUNB
RELA,LIPE
RELA,NCOR2
RELA,PCYT2
RELA,PDK4
RELA,PLIN1
RELA,PTGES
RELA,PTHLH
RELA,SDC1
RELA,TAP1
RELA,TFF1
RELA,THBD
RELA,TNFSF10
RELA,TRIM21
REST,VGF
RFX5,HDAC2
RFX5,HLA-DMA
RFX5,HLA-DOB
RUNX3,CLDN7
RUNX3,CLEC4G
RUNX3,ICAM3
RUNX3,WNT4
SIN3A,E2F1
SMAD3,COL7A1
SMAD3,ZFP36
SP1,ADH6
SP1,DHCR24
SP1,KRT19
SP1,PDE6A
SP1,POLD2
SP1,RECQL4
SP1,SLC7A5
SP1,TFPI2
SP1,TNNI3
SP1,YY1
SPDEF,AGR2
AR,SREBF1
SREBF1,AR
TP53,FOXM1
FOXM1,TP53
TP53,SMAD3
TP53,TP53I3
USF1,CTSD
USF1,FOXA2
USF1,RELA
USF2,CTSD
USF2,HIF1A
USF2,SLC19A1
WT1,JUNB
YY1,EPAS1
YY1,HDAC2
YY1,HIF1A
YY1,IRF7
YY1,PDIA6
ZNF202,POMGNT1
CREB1,ANGPTL2
CREB1,GABARAP
CREB1,IRF7
CREB1,ZFP36
CREB1,RARB
SREBF2,FASN
SREBF2,G6PD
SREBF2,PCYT2
SREBF1,SREBF2
SREBF2,SREBF1
SREBF2,SREBF2
SREBF1,DHCR7
SREBF1,G6PD
SREBF1,HMGCS1
SREBF1,PCYT2
SREBF1,SV2A
HIF1A,BHLHE40
RELA,AKR1B1
SP1,ALDH3A1
SP1,CLU
SP1,FOXA1
SP1,GNRH1
TP53,PEG3
PEG3,TP53
TP53,SERTAD1
MYC,BRD2
MYC,C1QBP
MYC,CCT3
MYC,DNAJB1
MYC,EEF2
MYC,HAS2
MYC,HNRNPH1
MYC,LDHB
MYC,PEX19
MYC,SRSF2
GABPA,ACHE
SMAD3,COL1A1
SMAD3,COL5A2
SMAD3,GCLC
SMAD3,HEY1
GATA4,F10
GATA4,GNRH1
GATA4,MAFK
JUN,TFPI2
JUN,CLU
YY1,HMGCS1
YY1,LAMA1
YY1,MYH4
YY1,RGS16
E2F1,JUN
E2F1,MAP1LC3B
ETS1,KRT8
E2F2,E2F1
AR,DDT
AR,FASN
AR,PYCR1
AR,SREBF2
GATA2,MAFK
ATF3,GCLC
HOXA5,HOXA5
HIF1A,NKX3-1
NKX3-1,CLU
TAF1,TP53
APBB1,CLU
HEY2,HEY1
MED1,CRABP2
MED1,RARB
FOXA2,KCNJ11
EP300,RARB
FOXF2,SFTPB
MEF2B,JUN
TRIM21,JUN
BRD4,HNRNPH1
BRD4,MLF2
BRD4,STC2
EZH2,PARP12
EZH2,SOX17
GATA3,AURKAIP1
MED1,STC2
NCOR2,UGT2B17
SRSF2,AURKB
SRSF2,COL1A1
SRSF2,HNRNPH1
SRSF2,HNRNPL
SRSF2,SRSF2
HIF1A,KDM5A
HIF1A,KDM1A
MYC,ITGA7
MYC,IMPDH1
TP53,SCO2
NR3C1,KLF9
NR3C1,CEBPB
CEBPB,NR3C1
RUNX3,CHUK
NFE2L2,G6PD
NDN,MYC
TCF12,NOTCH3
TP63,PLEC
DOT1L,MCL1
EPAS1,KDM5A
EPAS1,KDM1A
ESRRA,RNF208
JUN,IL13
ETS1,IL13
JUNB,IL13
CTCF,IL13
IRF7,TNFSF10
EZH2,IL13
BCL6,CXCL11
TP63,TNFSF10
NR3C1,IL13
FOSL2,TGFB3
GATA2,IL13
AR,CLU
AR,PSMC3IP
AR,YY1
YY1,AR
AR,EZR
ARID1A,AR
ARNT,ALDH3A1
ARNT,ALOX12
ATF3,EPAS1
ATF3,IL13
BHLHE40,COL10A1
CEBPB,RELA
CREB1,OPALIN
CREB1,CTSB
CREB1,G6PD
CREB1,SDC4
CREB1,ENO1
CREB1,REST
DBP,EP300
E2F1,EZH2
E2F1,COL10A1
E2F1,FOXD3
E2F1,RECQL4
E2F2,TP53
EPAS1,ENO1
ESRRA,SIRT3
ESRRA,WNT11
FOSL1,THBD
FOSL2,SIGMAR1
FOSL2,CEBPB
FOXA1,HOXB13
FOXA1,NR3C1
FOXA2,EP300
FOXD3,NODAL
FOXJ1,EZR
FOXJ1,FOXA1
GATA3,GATA2
GATA3,MYC
GATA4,TNNI3
GATA4,YY1
HEY1,SLC6A3
HEYL,HEY2
HEYL,HEY1
HIF1A,CTSD
HIF1A,FN1
HIF1A,CDKN1C
HIF1A,HDAC2
HIF1A,ABCC9
HIF1A,KCNJ8
HIF1A,POLM
HIF1A,GATA4
HMGA2,JUNB
HMGA2,FOSL1
IRF1,CASP9
IRF1,C1R
JUN,FOSL2
JUN,CYBA
JUN,ZFP36
JUN,MYL2
JUNB,GATA3
JUNB,MYL2
JUNB,ZFP36
MYBL2,TP53
MYBL2,COL5A2
MYBL2,ANPEP
MYC,EZR
NCOR2,GSTA2
NFE2L2,NR3C1
NKX3-1,IGFBP3
NR1D1,RORC
NR3C1,FKBP5
NR3C1,GSTA2
NR3C1,IGFBP3
NR3C1,LAD1
NR3C1,NR1D1
NR3C1,ALOX12
NR3C1,DPAGT1
PRDM1,XBP1
PRDM1,NR5A2
RARB,IGFBP3
RELA,JUN
RELA,FOSL1
RELA,CYBA
RELA,GALK1
RUNX3,EOMES
SMAD3,CREB1
SMAD3,F12
SMAD3,CLDN3
SP1,GATA4
SP1,NTF4
SP1,SLC1A5
SP1,TPM2
SP1,ACP5
SREBF1,LIPE
SREBF1,WNT10B
TEAD4,CDX2
TP53,TNFRSF1A
TP53,WT1
TP53,PYCR1
TP53,SP7
TP53,CLU
TP53,PCBP4
TP53,KRT19
TP53,HDAC2
USF1,HAMP
USF1,LIPE
USF1,OSCAR
WT1,FASN
YY1,CREB1
ZBTB16,COL1A1
ZBTB17,TFF1
CREB1,LTB
HIF1A,FASN
CEBPB,CPS1
JUN,ACTG1
JUN,NOXO1
JUN,CPS1
JUN,SLC7A11
JUN,LOXL4
JUN,MCL1
JUN,S100A2
JUN,FASN
GATA3,SMARCA2
GATA3,RUNX3
FOXM1,FOXM1
FOXM1,RHOC
SREBF1,FLNA
NR5A2,FASN
XBP1,FASN
USF2,FASN
BHLHE40,SREBF1
MYOCD,MYOCD
EP300,ALDH3A1
MUC1,JUN
FOXA2,CITED2
FOXA2,UGT2B17
HIF1A,SPRY2
PBX1,PBX1
NKX2-1,PRDM13
NKX2-1,WNT7B
FEZF1,HES5
EP300,SP7
FOSB,MYC
TCF12,LEFTY1
AR,CITED2
AR,SMARCA2
AR,TNFRSF1A
EPAS1,BHLHE40
CTCF,ABCA2
CTCF,B4GALNT1
CTCF,C1R
CTCF,CIDEB
CTCF,DMKN
CTCF,LRRC59
CTCF,NFE2L2
